moi_mut,moi_wt,pfu,pocap,panel,mutation,strain
10,0,325123373.7,no,H,VP3-A24V,Mahoney
10,5,373498753.4,no,H,VP3-A24V,Mahoney
10,15,486123916.2,no,H,VP3-A24V,Mahoney
10,50,472823218.8,no,H,VP3-A24V,Mahoney
10,100,641547645.8,no,H,VP3-A24V,Mahoney
10,0,13757965.53,yes,L,VP1-I94F,Hispaniola
10,5,11329659.75,yes,L,VP1-I94F,Hispaniola
10,15,7168391.014,yes,L,VP1-I94F,Hispaniola
10,50,668807.6081,yes,L,VP1-I94F,Hispaniola
10,100,49979.87674,yes,L,VP1-I94F,Hispaniola
10,0,247804618.8,yes,G,VP3-A24V,Mahoney
10,5,92841454.45,yes,G,VP3-A24V,Mahoney
10,15,56827454.74,yes,G,VP3-A24V,Mahoney
10,50,5627955.193,yes,G,VP3-A24V,Mahoney
10,100,4022426.142,yes,G,VP3-A24V,Mahoney
10,0,880853291,yes,K,VP3-A24V,Hispaniola
10,5,274167851.6,yes,K,VP3-A24V,Hispaniola
10,15,101921184.6,yes,K,VP3-A24V,Hispaniola
10,50,16822685.15,yes,K,VP3-A24V,Hispaniola
10,100,2672989.453,yes,K,VP3-A24V,Hispaniola
